<pagescount>
	<total_html_pages>8</total_html_pages>
	<html>4</html>
	<img>25</img>
	<js>8</js>
	<css>5</css>
	<pdf>0</pdf>
	<xml>0</xml>
	<txt>0</txt>
	<fonts>27</fonts>
	<is_pretty_url>false</is_pretty_url>
	<is_ebn>false</is_ebn>
	<theme_name>WDO_theme</theme_name>
	<server_url_front_page>https://www.waybackmachinedownloader.com/website-downloader-online/scraping/files/live/hmlet.com_koptelhotel_gmail.com_4r27hgnbx7r</server_url_front_page>
	<hosted_domain>hosted_domain</hosted_domain>
</pagescount>