<pagescount>
	<total_html_pages>6</total_html_pages>
	<html>3</html>
	<img>133</img>
	<js>16</js>
	<css>13</css>
	<pdf>0</pdf>
	<xml>0</xml>
	<txt>0</txt>
	<fonts>22</fonts>
	<is_pretty_url>false</is_pretty_url>
	<is_ebn>false</is_ebn>
	<theme_name>WDO_theme</theme_name>
	<server_url_front_page>https://www.waybackmachinedownloader.com/website-downloader-online/scraping/files/live/tribetheory.com_koptelhotel_gmail.com_0qd48megn6k</server_url_front_page>
	<hosted_domain>hosted_domain</hosted_domain>
</pagescount>